-- ============================================================
-- Badminton Analytics — Seed Data
-- ============================================================
-- 10 sample players, 3 sessions, pairs, and matches.
-- Run after the schema migration.
-- ============================================================

-- ===================== PLAYERS =====================
INSERT INTO players (id, name, nickname, skill_level) VALUES
  ('a1000000-0000-0000-0000-000000000001', 'Fasi',  NULL,     'Advanced'),
  ('a1000000-0000-0000-0000-000000000002', 'Ali',   NULL,     'Advanced'),
  ('a1000000-0000-0000-0000-000000000003', 'Umar',  NULL,     'Competitive'),
  ('a1000000-0000-0000-0000-000000000004', 'Hassan', NULL,    'Competitive'),
  ('a1000000-0000-0000-0000-000000000005', 'Hamza', NULL,     'Competitive'),
  ('a1000000-0000-0000-0000-000000000006', 'Ahmad', NULL,     'Developing'),
  ('a1000000-0000-0000-0000-000000000007', 'Bilal', NULL,     'Advanced'),
  ('a1000000-0000-0000-0000-000000000008', 'Saad',  NULL,     'Competitive'),
  ('a1000000-0000-0000-0000-000000000009', 'Zain',  NULL,     'Developing'),
  ('a1000000-0000-0000-0000-000000000010', 'Omar',  NULL,     'Competitive');

-- ===================== SESSION 1: Saturday Night Session =====================
INSERT INTO sessions (id, name, date, notes) VALUES
  ('b1000000-0000-0000-0000-000000000001', 'Saturday Night Session', '2025-06-07', 'First session of the month');

-- Teams for Session 1
INSERT INTO teams (id, session_id, name) VALUES
  ('c1000000-0000-0000-0000-000000000001', 'b1000000-0000-0000-0000-000000000001', 'Team A'),
  ('c1000000-0000-0000-0000-000000000002', 'b1000000-0000-0000-0000-000000000001', 'Team B');

INSERT INTO team_members (team_id, player_id) VALUES
  ('c1000000-0000-0000-0000-000000000001', 'a1000000-0000-0000-0000-000000000001'),
  ('c1000000-0000-0000-0000-000000000001', 'a1000000-0000-0000-0000-000000000002'),
  ('c1000000-0000-0000-0000-000000000001', 'a1000000-0000-0000-0000-000000000003'),
  ('c1000000-0000-0000-0000-000000000001', 'a1000000-0000-0000-0000-000000000004'),
  ('c1000000-0000-0000-0000-000000000001', 'a1000000-0000-0000-0000-000000000005'),
  ('c1000000-0000-0000-0000-000000000002', 'a1000000-0000-0000-0000-000000000006'),
  ('c1000000-0000-0000-0000-000000000002', 'a1000000-0000-0000-0000-000000000007'),
  ('c1000000-0000-0000-0000-000000000002', 'a1000000-0000-0000-0000-000000000008'),
  ('c1000000-0000-0000-0000-000000000002', 'a1000000-0000-0000-0000-000000000009'),
  ('c1000000-0000-0000-0000-000000000002', 'a1000000-0000-0000-0000-000000000010');

-- Pairs for Session 1
INSERT INTO pairs (id, player1_id, player2_id, session_id) VALUES
  ('d1000000-0000-0000-0000-000000000001', 'a1000000-0000-0000-0000-000000000001', 'a1000000-0000-0000-0000-000000000002', 'b1000000-0000-0000-0000-000000000001'),
  ('d1000000-0000-0000-0000-000000000002', 'a1000000-0000-0000-0000-000000000003', 'a1000000-0000-0000-0000-000000000004', 'b1000000-0000-0000-0000-000000000001'),
  ('d1000000-0000-0000-0000-000000000003', 'a1000000-0000-0000-0000-000000000005', 'a1000000-0000-0000-0000-000000000006', 'b1000000-0000-0000-0000-000000000001'),
  ('d1000000-0000-0000-0000-000000000004', 'a1000000-0000-0000-0000-000000000007', 'a1000000-0000-0000-0000-000000000008', 'b1000000-0000-0000-0000-000000000001'),
  ('d1000000-0000-0000-0000-000000000005', 'a1000000-0000-0000-0000-000000000009', 'a1000000-0000-0000-0000-000000000010', 'b1000000-0000-0000-0000-000000000001');

-- Matches for Session 1
INSERT INTO matches (id, session_id, best_of, winning_pair_id, losing_pair_id) VALUES
  ('e1000000-0000-0000-0000-000000000001', 'b1000000-0000-0000-0000-000000000001', 3, 'd1000000-0000-0000-0000-000000000001', 'd1000000-0000-0000-0000-000000000003'),
  ('e1000000-0000-0000-0000-000000000002', 'b1000000-0000-0000-0000-000000000001', 3, 'd1000000-0000-0000-0000-000000000004', 'd1000000-0000-0000-0000-000000000002'),
  ('e1000000-0000-0000-0000-000000000003', 'b1000000-0000-0000-0000-000000000001', 3, 'd1000000-0000-0000-0000-000000000001', 'd1000000-0000-0000-0000-000000000004'),
  ('e1000000-0000-0000-0000-000000000004', 'b1000000-0000-0000-0000-000000000001', 5, 'd1000000-0000-0000-0000-000000000002', 'd1000000-0000-0000-0000-000000000005'),
  ('e1000000-0000-0000-0000-000000000005', 'b1000000-0000-0000-0000-000000000001', 3, 'd1000000-0000-0000-0000-000000000003', 'd1000000-0000-0000-0000-000000000005'),
  ('e1000000-0000-0000-0000-000000000006', 'b1000000-0000-0000-0000-000000000001', 3, 'd1000000-0000-0000-0000-000000000001', 'd1000000-0000-0000-0000-000000000002');

-- Game scores for Match 1 (Fasi+Ali vs Hamza+Ahmad, Bo3, Fasi+Ali wins 2-1)
INSERT INTO match_games (match_id, game_number, pair1_score, pair2_score) VALUES
  ('e1000000-0000-0000-0000-000000000001', 1, 21, 18),
  ('e1000000-0000-0000-0000-000000000001', 2, 19, 21),
  ('e1000000-0000-0000-0000-000000000001', 3, 21, 16);

-- Game scores for Match 3 (Fasi+Ali vs Bilal+Saad, Bo3, Fasi+Ali wins 2-0)
INSERT INTO match_games (match_id, game_number, pair1_score, pair2_score) VALUES
  ('e1000000-0000-0000-0000-000000000003', 1, 21, 15),
  ('e1000000-0000-0000-0000-000000000003', 2, 21, 19);


-- ===================== SESSION 2: Weekly Tournament =====================
INSERT INTO sessions (id, name, date, notes) VALUES
  ('b1000000-0000-0000-0000-000000000002', 'Weekly Tournament', '2025-06-10', 'Midweek competitive session');

-- Pairs for Session 2 (different pairings)
INSERT INTO pairs (id, player1_id, player2_id, session_id) VALUES
  ('d2000000-0000-0000-0000-000000000001', 'a1000000-0000-0000-0000-000000000001', 'a1000000-0000-0000-0000-000000000005', 'b1000000-0000-0000-0000-000000000002'),
  ('d2000000-0000-0000-0000-000000000002', 'a1000000-0000-0000-0000-000000000002', 'a1000000-0000-0000-0000-000000000003', 'b1000000-0000-0000-0000-000000000002'),
  ('d2000000-0000-0000-0000-000000000003', 'a1000000-0000-0000-0000-000000000004', 'a1000000-0000-0000-0000-000000000007', 'b1000000-0000-0000-0000-000000000002'),
  ('d2000000-0000-0000-0000-000000000004', 'a1000000-0000-0000-0000-000000000006', 'a1000000-0000-0000-0000-000000000008', 'b1000000-0000-0000-0000-000000000002'),
  ('d2000000-0000-0000-0000-000000000005', 'a1000000-0000-0000-0000-000000000009', 'a1000000-0000-0000-0000-000000000010', 'b1000000-0000-0000-0000-000000000002');

-- Matches for Session 2
INSERT INTO matches (id, session_id, best_of, winning_pair_id, losing_pair_id) VALUES
  ('e2000000-0000-0000-0000-000000000001', 'b1000000-0000-0000-0000-000000000002', 3, 'd2000000-0000-0000-0000-000000000001', 'd2000000-0000-0000-0000-000000000004'),
  ('e2000000-0000-0000-0000-000000000002', 'b1000000-0000-0000-0000-000000000002', 3, 'd2000000-0000-0000-0000-000000000003', 'd2000000-0000-0000-0000-000000000002'),
  ('e2000000-0000-0000-0000-000000000003', 'b1000000-0000-0000-0000-000000000002', 5, 'd2000000-0000-0000-0000-000000000002', 'd2000000-0000-0000-0000-000000000005'),
  ('e2000000-0000-0000-0000-000000000004', 'b1000000-0000-0000-0000-000000000002', 3, 'd2000000-0000-0000-0000-000000000001', 'd2000000-0000-0000-0000-000000000003'),
  ('e2000000-0000-0000-0000-000000000005', 'b1000000-0000-0000-0000-000000000002', 3, 'd2000000-0000-0000-0000-000000000004', 'd2000000-0000-0000-0000-000000000005'),
  ('e2000000-0000-0000-0000-000000000006', 'b1000000-0000-0000-0000-000000000002', 3, 'd2000000-0000-0000-0000-000000000001', 'd2000000-0000-0000-0000-000000000002'),
  ('e2000000-0000-0000-0000-000000000007', 'b1000000-0000-0000-0000-000000000002', 5, 'd2000000-0000-0000-0000-000000000003', 'd2000000-0000-0000-0000-000000000001');

-- Game scores for Session 2, Match 1
INSERT INTO match_games (match_id, game_number, pair1_score, pair2_score) VALUES
  ('e2000000-0000-0000-0000-000000000001', 1, 21, 14),
  ('e2000000-0000-0000-0000-000000000001', 2, 21, 17);


-- ===================== SESSION 3: Saturday Night Session 2 =====================
INSERT INTO sessions (id, name, date, notes) VALUES
  ('b1000000-0000-0000-0000-000000000003', 'Saturday Night Session', '2025-06-14', 'Second Saturday session');

-- Pairs for Session 3 (mixed pairings again)
INSERT INTO pairs (id, player1_id, player2_id, session_id) VALUES
  ('d3000000-0000-0000-0000-000000000001', 'a1000000-0000-0000-0000-000000000001', 'a1000000-0000-0000-0000-000000000004', 'b1000000-0000-0000-0000-000000000003'),
  ('d3000000-0000-0000-0000-000000000002', 'a1000000-0000-0000-0000-000000000002', 'a1000000-0000-0000-0000-000000000007', 'b1000000-0000-0000-0000-000000000003'),
  ('d3000000-0000-0000-0000-000000000003', 'a1000000-0000-0000-0000-000000000003', 'a1000000-0000-0000-0000-000000000008', 'b1000000-0000-0000-0000-000000000003'),
  ('d3000000-0000-0000-0000-000000000004', 'a1000000-0000-0000-0000-000000000005', 'a1000000-0000-0000-0000-000000000009', 'b1000000-0000-0000-0000-000000000003'),
  ('d3000000-0000-0000-0000-000000000005', 'a1000000-0000-0000-0000-000000000006', 'a1000000-0000-0000-0000-000000000010', 'b1000000-0000-0000-0000-000000000003');

-- Matches for Session 3
INSERT INTO matches (id, session_id, best_of, winning_pair_id, losing_pair_id) VALUES
  ('e3000000-0000-0000-0000-000000000001', 'b1000000-0000-0000-0000-000000000003', 3, 'd3000000-0000-0000-0000-000000000002', 'd3000000-0000-0000-0000-000000000004'),
  ('e3000000-0000-0000-0000-000000000002', 'b1000000-0000-0000-0000-000000000003', 3, 'd3000000-0000-0000-0000-000000000001', 'd3000000-0000-0000-0000-000000000005'),
  ('e3000000-0000-0000-0000-000000000003', 'b1000000-0000-0000-0000-000000000003', 3, 'd3000000-0000-0000-0000-000000000003', 'd3000000-0000-0000-0000-000000000004'),
  ('e3000000-0000-0000-0000-000000000004', 'b1000000-0000-0000-0000-000000000003', 5, 'd3000000-0000-0000-0000-000000000001', 'd3000000-0000-0000-0000-000000000003'),
  ('e3000000-0000-0000-0000-000000000005', 'b1000000-0000-0000-0000-000000000003', 3, 'd3000000-0000-0000-0000-000000000002', 'd3000000-0000-0000-0000-000000000005'),
  ('e3000000-0000-0000-0000-000000000006', 'b1000000-0000-0000-0000-000000000003', 3, 'd3000000-0000-0000-0000-000000000005', 'd3000000-0000-0000-0000-000000000004');

-- Game scores for Session 3, Match 4
INSERT INTO match_games (match_id, game_number, pair1_score, pair2_score) VALUES
  ('e3000000-0000-0000-0000-000000000004', 1, 21, 19),
  ('e3000000-0000-0000-0000-000000000004', 2, 18, 21),
  ('e3000000-0000-0000-0000-000000000004', 3, 21, 15);
