-- ============================================================
-- Badminton Analytics — Seed Data
-- ============================================================
-- 10 sample players, 3 sessions, pairs, and matches.
-- Run after the schema migration.
-- ============================================================

-- ===================== PLAYERS =====================
INSERT INTO players (id, name, nickname, skill_level) VALUES
  ('a1000000-0000-0000-0000-000000000001', 'Fasi',  NULL,     'Advanced'),
  ('a1000000-0000-0000-0000-000000000002', 'Ali',   NULL,     'Advanced'),
  ('a1000000-0000-0000-0000-000000000003', 'Umar',  NULL,     'Competitive'),
  ('a1000000-0000-0000-0000-000000000004', 'Hassan', NULL,    'Competitive'),
  ('a1000000-0000-0000-0000-000000000005', 'Hamza', NULL,     'Competitive'),
  ('a1000000-0000-0000-0000-000000000006', 'Ahmad', NULL,     'Developing'),
  ('a1000000-0000-0000-0000-000000000007', 'Bilal', NULL,     'Advanced'),
  ('a1000000-0000-0000-0000-000000000008', 'Saad',  NULL,     'Competitive'),
  ('a1000000-0000-0000-0000-000000000009', 'Zain',  NULL,     'Developing'),
  ('a1000000-0000-0000-0000-000000000010', 'Omar',  NULL,     'Competitive');

-- ===================== SESSION 1: Saturday Night Session =====================
INSERT INTO sessions (id, name, date, notes) VALUES
  ('b1000000-0000-0000-0000-000000000001', 'Saturday Night Session', '2025-06-07', 'First session of the month');

-- Teams for Session 1
INSERT INTO teams (id, session_id, name) VALUES
  ('c1000000-0000-0000-0000-000000000001', 'b1000000-0000-0000-0000-000000000001', 'Team A'),
  ('c1000000-0000-0000-0000-000000000002', 'b1000000-0000-0000-0000-000000000001', 'Team B');

INSERT INTO team_members (team_id, player_id) VALUES
  ('c1000000-0000-0000-0000-000000000001', 'a1000000-0000-0000-0000-000000000001'),
  ('c1000000-0000-0000-0000-000000000001', 'a1000000-0000-0000-0000-000000000002'),
  ('c1000000-0000-0000-0000-000000000001', 'a1000000-0000-0000-0000-000000000003'),
  ('c1000000-0000-0000-0000-000000000001', 'a1000000-0000-0000-0000-000000000004'),
  ('c1000000-0000-0000-0000-000000000001', 'a1000000-0000-0000-0000-000000000005'),
  ('c1000000-0000-0000-0000-000000000002', 'a1000000-0000-0000-0000-000000000006'),
  ('c1000000-0000-0000-0000-000000000002', 'a1000000-0000-0000-0000-000000000007'),
  ('c1000000-0000-0000-0000-000000000002', 'a1000000-0000-0000-0000-000000000008'),
  ('c1000000-0000-0000-0000-000000000002', 'a1000000-0000-0000-0000-000000000009'),
  ('c1000000-0000-0000-0000-000000000002', 'a1000000-0000-0000-0000-000000000010');

-- Pairs for Session 1
INSERT INTO pairs (id, player1_id, player2_id, session_id) VALUES
  ('d1000000-0000-0000-0000-000000000001', 'a1000000-0000-0000-0000-000000000001', 'a1000000-0000-0000-0000-000000000002', 'b1000000-0000-0000-0000-000000000001'),
  ('d1000000-0000-0000-0000-000000000002', 'a1000000-0000-0000-0000-000000000003', 'a1000000-0000-0000-0000-000000000004', 'b1000000-0000-0000-0000-000000000001'),
  ('d1000000-0000-0000-0000-000000000003', 'a1000000-0000-0000-0000-000000000005', 'a1000000-0000-0000-0000-000000000001', 'b1000000-0000-0000-0000-000000000001'),
  ('d1000000-0000-0000-0000-000000000004', 'a1000000-0000-0000-0000-000000000006', 'a1000000-0000-0000-0000-000000000007', 'b1000000-0000-0000-0000-000000000001'),
  ('d1000000-0000-0000-0000-000000000005', 'a1000000-0000-0000-0000-000000000008', 'a1000000-0000-0000-0000-000000000009', 'b1000000-0000-0000-0000-000000000001');

-- Matches for Session 1 (Team A vs Team B)
INSERT INTO matches (id, session_id, team1_id, team2_id, best_of, winning_team_id) VALUES
  ('e1000000-0000-0000-0000-000000000001', 'b1000000-0000-0000-0000-000000000001', 'c1000000-0000-0000-0000-000000000001', 'c1000000-0000-0000-0000-000000000002', 5, 'c1000000-0000-0000-0000-000000000001');

-- Games (Sets) for Match 1
INSERT INTO match_games (match_id, game_number, pair1_id, pair2_id, pair1_score, pair2_score, winning_pair_id) VALUES
  ('e1000000-0000-0000-0000-000000000001', 1, 'd1000000-0000-0000-0000-000000000001', 'd1000000-0000-0000-0000-000000000004', 21, 18, 'd1000000-0000-0000-0000-000000000001'),
  ('e1000000-0000-0000-0000-000000000001', 2, 'd1000000-0000-0000-0000-000000000002', 'd1000000-0000-0000-0000-000000000005', 19, 21, 'd1000000-0000-0000-0000-000000000005'),
  ('e1000000-0000-0000-0000-000000000001', 3, 'd1000000-0000-0000-0000-000000000003', 'd1000000-0000-0000-0000-000000000004', 21, 16, 'd1000000-0000-0000-0000-000000000003'),
  ('e1000000-0000-0000-0000-000000000001', 4, 'd1000000-0000-0000-0000-000000000001', 'd1000000-0000-0000-0000-000000000005', 21, 15, 'd1000000-0000-0000-0000-000000000001');

-- ===================== SESSION 2: 5 Player Best-of-1 =====================
INSERT INTO sessions (id, name, date, notes) VALUES
  ('b1000000-0000-0000-0000-000000000002', '5 Player Quick Games', '2025-06-10', 'Best of 1 sets without teams');

-- Pairs for Session 2
INSERT INTO pairs (id, player1_id, player2_id, session_id) VALUES
  ('d2000000-0000-0000-0000-000000000001', 'a1000000-0000-0000-0000-000000000001', 'a1000000-0000-0000-0000-000000000002', 'b1000000-0000-0000-0000-000000000002'),
  ('d2000000-0000-0000-0000-000000000002', 'a1000000-0000-0000-0000-000000000003', 'a1000000-0000-0000-0000-000000000004', 'b1000000-0000-0000-0000-000000000002'),
  ('d2000000-0000-0000-0000-000000000003', 'a1000000-0000-0000-0000-000000000004', 'a1000000-0000-0000-0000-000000000005', 'b1000000-0000-0000-0000-000000000002');

-- Matches for Session 2 (Best of 1, No Teams)
INSERT INTO matches (id, session_id, team1_id, team2_id, best_of, winning_team_id) VALUES
  ('e2000000-0000-0000-0000-000000000001', 'b1000000-0000-0000-0000-000000000002', NULL, NULL, 1, NULL),
  ('e2000000-0000-0000-0000-000000000002', 'b1000000-0000-0000-0000-000000000002', NULL, NULL, 1, NULL);

-- Games (Sets) for Session 2
INSERT INTO match_games (match_id, game_number, pair1_id, pair2_id, pair1_score, pair2_score, winning_pair_id) VALUES
  ('e2000000-0000-0000-0000-000000000001', 1, 'd2000000-0000-0000-0000-000000000001', 'd2000000-0000-0000-0000-000000000002', 21, 14, 'd2000000-0000-0000-0000-000000000001'),
  ('e2000000-0000-0000-0000-000000000002', 1, 'd2000000-0000-0000-0000-000000000001', 'd2000000-0000-0000-0000-000000000003', 17, 21, 'd2000000-0000-0000-0000-000000000003');
